id,title,score,num_comments,author,created_utc,url,over_18,edited,spoiler,stickied
1cgx4kj,What tips have you got?? I came from frontline operations to DE. Culture shock = 1,35,8,_DESTRUCTION,2024-04-30 16:29:26,https://www.reddit.com/r/dataengineering/comments/1cgx4kj/what_tips_have_you_got_i_came_from_frontline/,False,False,False,False
1cgr0l6,ETL; Azure Data Factory or Azure Functions,22,17,maarten20012001,2024-04-30 11:57:32,https://www.reddit.com/r/dataengineering/comments/1cgr0l6/etl_azure_data_factory_or_azure_functions/,False,False,False,False
1cgxn8r,Migrating mysql db to azure postgresql,6,3,DznFatih,2024-04-30 16:50:53,https://www.reddit.com/r/dataengineering/comments/1cgxn8r/migrating_mysql_db_to_azure_postgresql/,False,False,False,False
1cgxdwe,Managing file ingestion via Fivetran into Snowflake... best path forward?,7,13,MasterKluch,2024-04-30 16:40:19,https://www.reddit.com/r/dataengineering/comments/1cgxdwe/managing_file_ingestion_via_fivetran_into/,False,False,False,False
1cha7ub,Airflow DAG Composition Question,8,3,IrresistibleMittens,2024-05-01 01:48:20,https://www.reddit.com/r/dataengineering/comments/1cha7ub/airflow_dag_composition_question/,False,False,False,False
1ch9caq,Using Cortex AI & LLM Functions in Snowflake for basic data engineering tasks,8,0,Mr_Nickster_,2024-05-01 01:06:30,https://www.reddit.com/r/dataengineering/comments/1ch9caq/using_cortex_ai_llm_functions_in_snowflake_for/,False,False,False,False
1cgwev0,My First Data Model,7,4,Mathlete7,2024-04-30 16:00:14,https://www.reddit.com/r/dataengineering/comments/1cgwev0/my_first_data_model/,False,False,False,False
1cgmfap,Mac or Windows? ,6,38,Chemical-Current6391,2024-04-30 06:53:45,https://www.reddit.com/r/dataengineering/comments/1cgmfap/mac_or_windows/,False,False,False,False
1chbq9q,Airflow vs. Shell Scripts,7,9,tylerriccio8,2024-05-01 03:03:17,https://www.reddit.com/r/dataengineering/comments/1chbq9q/airflow_vs_shell_scripts/,False,False,False,False
1chbawh,"Rust, anyone?",10,19,skydog92,2024-05-01 02:41:51,https://www.reddit.com/r/dataengineering/comments/1chbawh/rust_anyone/,False,False,False,False
1cgvmh8,Worth doing a part-time masters while working in this job market?,6,5,RichOkra,2024-04-30 15:27:09,https://www.reddit.com/r/dataengineering/comments/1cgvmh8/worth_doing_a_parttime_masters_while_working_in/,False,False,False,False
1cgylvh,ADF trigger options,6,2,Character_Phone8812,2024-04-30 17:32:26,https://www.reddit.com/r/dataengineering/comments/1cgylvh/adf_trigger_options/,False,False,False,False
1cgnh72,Introducing the Apache Pinot Terraform Provider,4,2,Azaurus,2024-04-30 08:06:57,https://www.reddit.com/r/dataengineering/comments/1cgnh72/introducing_the_apache_pinot_terraform_provider/,False,False,False,False
1cglpy1,seeking expert advice on creating BI tables on RDS by join operations,5,1,Flimsy-Mirror974,2024-04-30 06:06:48,https://www.reddit.com/r/dataengineering/comments/1cglpy1/seeking_expert_advice_on_creating_bi_tables_on/,False,False,False,False
1ch4dx5,Cloud Services Job Screening,3,1,This_Can_6639,2024-04-30 21:29:08,https://www.reddit.com/r/dataengineering/comments/1ch4dx5/cloud_services_job_screening/,False,False,False,False
1cgz7rk,Looking for a cloud-hosted tool to work on CSVs before push to PostgreSQL,2,3,danielrosehill,2024-04-30 17:58:08,https://www.reddit.com/r/dataengineering/comments/1cgz7rk/looking_for_a_cloudhosted_tool_to_work_on_csvs/,False,False,False,False
1ch9rsl,Career Advicd,1,1,roastmecerebrally,2024-05-01 01:26:47,https://www.reddit.com/r/dataengineering/comments/1ch9rsl/career_advicd/,False,False,False,False
1cgvn7f,Seeking advice for job change after Foundry,2,1,lllutb,2024-04-30 15:28:01,https://www.reddit.com/r/dataengineering/comments/1cgvn7f/seeking_advice_for_job_change_after_foundry/,False,False,False,False
1cgmfbc,Data Engineering and Aerospace Engineering,3,13,Karma-4U,2024-04-30 06:53:47,https://www.reddit.com/r/dataengineering/comments/1cgmfbc/data_engineering_and_aerospace_engineering/,False,False,False,False
1chcfqz,Need help with API pipeline ,3,0,m_death,2024-05-01 03:41:31,https://www.reddit.com/r/dataengineering/comments/1chcfqz/need_help_with_api_pipeline/,False,False,False,False
1ch4u7m,Entity Relationship Diagram with Erwin. Infer relationships? ,1,2,boboshoes,2024-04-30 21:47:10,https://www.reddit.com/r/dataengineering/comments/1ch4u7m/entity_relationship_diagram_with_erwin_infer/,False,False,False,False
1cgwgs9,Data factory git lab question,1,1,connoza,2024-04-30 16:02:12,https://www.reddit.com/r/dataengineering/comments/1cgwgs9/data_factory_git_lab_question/,False,False,False,False
1cgtjq5,Seeking Recommendations: In-field Data Capture Tools with Auto-Updating Forms Similar to Kobo Toolbox,1,0,yaksurf,2024-04-30 14:00:14,https://www.reddit.com/r/dataengineering/comments/1cgtjq5/seeking_recommendations_infield_data_capture/,False,False,False,False
1cgqr6r,How to connect Zoho and Hevo via OAUTH? I am entering my keys but I keep getting errorrs.,1,1,Realistic_Salary_942,2024-04-30 11:42:58,https://www.reddit.com/r/dataengineering/comments/1cgqr6r/how_to_connect_zoho_and_hevo_via_oauth_i_am/,False,False,False,False
1cgvk33,Syncing Redshift to Databricks advice,0,0,crossfirex35,2024-04-30 15:24:26,https://www.reddit.com/r/dataengineering/comments/1cgvk33/syncing_redshift_to_databricks_advice/,False,False,False,False
1cgy01u,What volume of data is handled in data engineering projects?,0,1,Delicious_Attempt_99,2024-04-30 17:07:54,https://www.reddit.com/r/dataengineering/comments/1cgy01u/what_volume_of_data_is_handled_in_data/,False,False,False,False
1cgtewr,C++ DataFrame for efficient analysis of large datasets,0,0,hmoein,2024-04-30 13:54:18,https://www.reddit.com/r/dataengineering/comments/1cgtewr/c_dataframe_for_efficient_analysis_of_large/,False,False,False,False
1cgo8ty,I would like to get into Data engineering but I despise working with Python.,0,39,God_of_failure,2024-04-30 09:01:42,https://www.reddit.com/r/dataengineering/comments/1cgo8ty/i_would_like_to_get_into_data_engineering_but_i/,False,False,False,False
