ID,title,link,keyword_1,keyword_2,keyword_3,cleaned_snippet
1,Data Engineering,https://www.reddit.com/r/dataengineering/,data,news,discussion,"r/dataengineering: News & discussion on Data Engineering topics, including but not limited to: data pipelines, databases, data formats, storage, data…"
2,Does data engineering not have as much interesting career ...,https://www.reddit.com/r/dataengineering/comments/12qldg7/does_data_engineering_not_have_as_much/,data,eng,already,"... Because data eng is already diverse within itself. You can pick up and practice skills in devops, backend development, ML, BI, systems and ..."
3,"What do you guys think of ""Fundamentals of Data Engineering"" book ...",https://www.reddit.com/r/dataengineering/comments/18ydlv0/what_do_you_guys_think_of_fundamentals_of_data/,imho,fundamentals,de,... IMHO Fundamentals of DE is really good and very useful overview of the field suitable for interview prep as well as for adding breadth to your ...
4,Giving up data engineering : r/dataengineering,https://www.reddit.com/r/dataengineering/comments/1b67xnz/giving_up_data_engineering/,giving,data,engineering,... Giving up data engineering · The no1 question is do you enjoy what you do? Life is not about money it's about happiness. · All jobs have burnout ...
5,Any Data Engineering Podcasts? : r/dataengineering,https://www.reddit.com/r/dataengineering/comments/13lppxu/any_data_engineering_podcasts/,listen,95,votes,"... 95 votes, 18 comments. Want to ask if there are any data engineering podcasts to listen while working :) I am willing to listen more ..."
6,Rust in Data Engineering? : r/dataengineering,https://www.reddit.com/r/dataengineering/comments/16dgor2/rust_in_data_engineering/,rust,steep,getting,"... Rust has a steep getting started curve as you can tell, but it is the most efficient distributed programming paradigm by far with a pedantic ..."
7,Data engineering blogs worth reading : r/dataengineering,https://www.reddit.com/r/dataengineering/comments/u99v1q/data_engineering_blogs_worth_reading/,data,engineering,blogs,"... Data engineering blogs worth reading · Data Engineering on Medium and Towards Data Science · Benn, Sarah, Mikkel, Tristan on dbt blog · Cool ..."
8,How to stay up to date with latest advances in data engineering? : r ...,https://www.reddit.com/r/dataengineering/comments/w3mvbc/how_to_stay_up_to_date_with_latest_advances_in/,data,summit,stay,... How to stay up to date with latest advances in data engineering? · Coalesce · Snowflake Summit · Databricks Data + AI Summit · DataCouncil ...
9,Any feedback on Zach Wilson's Data Engineering bootcamp? : r ...,https://www.reddit.com/r/dataengineering/comments/14ieh8u/any_feedback_on_zach_wilsons_data_engineering/,half,class,roughly,"... Each class was roughly half lecture, half lab/applied learning, and I would say I learned a lot of applicable concepts and techniques in each ..."
10,Scala or Python for Data engineering? : r/dataengineering,https://www.reddit.com/r/dataengineering/comments/yieto6/scala_or_python_for_data_engineering/,scala,watched,multiple,... I've watched multiple data engineers switch to scala over time due to performance gains. As they got deeper into development they found scala to ...
11,MLOps is 98% Data Engineering : r/dataengineering,https://www.reddit.com/r/dataengineering/comments/12asp78/mlops_is_98_data_engineering/,mlops,framework,engineering,"... MLOps is a framework, software/data engineering is the implementation. At least in my experience, MLOps has provided a useful bridge between our ..."
12,Why are there no entry-level data engineering jobs? : r ...,https://www.reddit.com/r/dataengineering/comments/qv43ad/why_are_there_no_entrylevel_data_engineering_jobs/,probably,many,data,"... There are probably not many entry-level data engineer positions because of how cross-disciplinary it is. You need to know coding, SQL, DBA, ..."
13,Is data engineering job market currently saturated? : r/dataengineering,https://www.reddit.com/r/dataengineering/comments/13jx5k6/is_data_engineering_job_market_currently_saturated/,level,also,depends,... It also depends on level. Entry level and early career is the most competitive right now because of low supply of openings and a high number of ...
14,Is being a data engineer just a specialised software engineer? : r ...,https://www.reddit.com/r/dataengineering/comments/rofnm0/is_being_a_data_engineer_just_a_specialised/,data,engineers,yes,"... So yes, Data Engineers are software engineers who deal in data pipelines and overall data infrastructure. Like, data scientist/ml engineers are ..."
15,How Do I Learn Data Engineering? : r/dataengineering,https://www.reddit.com/r/dataengineering/comments/m9c1ib/how_do_i_learn_data_engineering/,azure,data,engineering,"... The Azure data engineering learning path you mentioned is great, but it focuses on Azure services itself more than the fundamentals, imo. The ..."
16,What are your thoughts about Tests in Data engineering? : r ...,https://www.reddit.com/r/dataengineering/comments/17rd3su/what_are_your_thoughts_about_tests_in_data/,use,test,environment,"... We use a test environment for testing. It contains a copy of production data (or partial, if the table is too large). We don't write unit tests ..."
17,Rust for Data Engineering—what's the hype about? : r ...,https://www.reddit.com/r/dataengineering/comments/zfv38r/rust_for_data_engineeringwhats_the_hype_about/,rust,data,hype,"... Rust for Data Engineering—what's the hype about? · Why Rust: because Rust compiler is strict, easier to use than C/C++ out of JVM · When Rust ..."
18,Looking for the Best Data Engineering bootcamp? : r/dataengineering,https://www.reddit.com/r/dataengineering/comments/18btyeq/looking_for_the_best_data_engineering_bootcamp/,lot,hype,boot,... There is a lot of hype for boot camps. If you think you will crack and put your effort and clear the interviews then go for Udemy. Very cheap If ...
19,Datacamp Data Engineering track - worth the time? : r/dataengineering,https://www.reddit.com/r/dataengineering/comments/lbyafw/datacamp_data_engineering_track_worth_the_time/,datacamp,good,introducing,... Datacamp is good at introducing you to concepts and tools. It's helpful for learning “what's out there” so you can practice with it in further ...
20,What are the main skills needed for Data Engineering : r ...,https://www.reddit.com/r/dataengineering/comments/whh0an/what_are_the_main_skills_needed_for_data/,data,main,skills,"... What are the main skills needed for Data Engineering · SQL · Python · Cloud · Databases, Data Lake, Data Warehouse · Analytics · Data Quality ..."
21,Environment separation in data engineering: Dev/Test/Prod : r ...,https://www.reddit.com/r/dataengineering/comments/nm6lmw/environment_separation_in_data_engineering/,environment,separation,data,"... Environment separation in data engineering: Dev/Test/Prod · environments are not self contained, but intrinsically integrated · mocking a whole ..."
22,Reviews on Data Engineer Academy? : r/dataengineering,https://www.reddit.com/r/dataengineering/comments/194304v/reviews_on_data_engineer_academy/,de,academy,structured,"... DE Academy is structured around getting you a data engineering job. My conversation was good, but it was ultimately a sales call and I came away ..."
23,Is Data Engineering Recession Proof? : r/dataengineering,https://www.reddit.com/r/dataengineering/comments/pn347o/is_data_engineering_recession_proof/,recession,proof,position,"... The only recession proof position in engineering is the one held by the most flexible, least paid, highest output person. And that only ..."
24,What data engineering tools are popular right now? : r ...,https://www.reddit.com/r/dataengineering/comments/16zm47c/what_data_engineering_tools_are_popular_right_now/,apache,okay,using,"... If you're okay with using SQL-based software, the basic Apache tools are key for data engineering - Mainly Apache Atlas and Hive. Snowflake is ..."
25,I am looking for a roadmap on getting into Data Engineering. I can't ...,https://www.reddit.com/r/dataengineering/comments/r49lr5/i_am_looking_for_a_roadmap_on_getting_into_data/,data,need,basic,"... All you need for basic data engineering is the ability to source data, manipulate data, store data and automate the process. If you can do SQL, ..."
26,What's the future of the data engineering job market? : r ...,https://www.reddit.com/r/dataengineering/comments/17hlscx/whats_the_future_of_the_data_engineering_job/,data,imo,engineering,"... IMO data engineering has a robust job market for the foreseeable future - there is more data being generated now than ever before, and ..."
27,Does anyone actually watch Data Engineering podcasts/youtubers ...,https://www.reddit.com/r/dataengineering/comments/15p2yze/does_anyone_actually_watch_data_engineering/,analytics,engineering,podcast,"... The Analytics Engineering podcast is actually really good. I was unsure about it at first, because it's done by dbt labs and I thought they ..."
28,How data engineering is creative? : r/dataengineering,https://www.reddit.com/r/dataengineering/comments/nv8xlg/how_data_engineering_is_creative/,boundaries,general,creative,"... in general data-engineering is ""creative, but with many boundaries"". These boundaries are set by standard solutions that are very well tested ..."
29,[Interview prep] Anyone in Zach wilson's data engineering bootcamp ...,https://www.reddit.com/r/dataengineering/comments/12otxy6/interview_prep_anyone_in_zach_wilsons_data/,main,benefit,see,... The main benefit I see from this course is that Zack probably has some great connections and by completing this bootcamp will lead to an ...
30,How and Why are Macs preferred for Data Engineering? : r ...,https://www.reddit.com/r/dataengineering/comments/rz690b/how_and_why_are_macs_preferred_for_data/,macos,unix,based,"... MacOS is a Unix based operating system. That means it is largely compatible with most things Linux, which is what is run on most servers and ..."
31,How and Why are Macs preferred for Data Engineering? : r ...,https://www.reddit.com/r/dataengineering/comments/rz690b/how_and_why_are_macs_preferred_for_data/,macos,unix,based,"... MacOS is a Unix based operating system. That means it is largely compatible with most things Linux, which is what is run on most servers and ..."
32,Is it a data structure and algorithm a must for data engineering roles ...,https://www.reddit.com/r/dataengineering/comments/12w49y1/is_it_a_data_structure_and_algorithm_a_must_for/,data,yes,structure,"... Yes, data structure and algorithm a must for data engineering roles. Engineers with a good understanding of data structures and algorithms are ..."
33,What are your favourite GitHub repos that shows how data ...,https://www.reddit.com/r/dataengineering/comments/yyh6l9/what_are_your_favourite_github_repos_that_shows/,377,votes,40,"... 377 votes, 40 comments. Looking to level up my skills and want to know what repos out there follow good data engineering practice. What…"
34,Right way to leetcode for Data Engineering : r/dataengineering,https://www.reddit.com/r/dataengineering/comments/q9bzr8/right_way_to_leetcode_for_data_engineering/,sql,problems,good,"... SQL problems are good for those who are more on the reporting/BI side. For stuff like understanding various storage options, data modeling, ..."
35,Is data engineering job boring? : r/dataengineering,https://www.reddit.com/r/dataengineering/comments/1663we7/is_data_engineering_job_boring/,data,engineering,job,... Is data engineering job boring? · Know the purpose of your data pipeline. It shouldn't be because the boss said so. · Understand how things work ...
36,Why there are few data engineering blogs/bloggers out there? : r ...,https://www.reddit.com/r/dataengineering/comments/urbsr3/why_there_are_few_data_engineering_blogsbloggers/,96,votes,49,"... 96 votes, 49 comments. true."
37,Vulnerability of Data Engineering to Outsourcing : r/dataengineering,https://www.reddit.com/r/dataengineering/comments/17np6mq/vulnerability_of_data_engineering_to_outsourcing/,migrations,special,case,"... Migrations can be a special case in some companies. If you outsource it n, you put all responsibility on the consultants, which can be desirable ..."
38,Have any of you done Data Engineering for small businesses? : r ...,https://www.reddit.com/r/dataengineering/comments/t9i1fx/have_any_of_you_done_data_engineering_for_small/,data,done,engineering,"... Have any of you done Data Engineering for small businesses? · Extract data from a source, either by a VM running some scripts or something more ..."
39,Worst Data Engineering Mistake youve seen? : r/dataengineering,https://www.reddit.com/r/dataengineering/comments/16vhp70/worst_data_engineering_mistake_youve_seen/,quotes,json,used,"... it used single quotes instead of double quotes), causing all the json it produced to be unparsable by standard json libs. when asked to fix it, ..."
40,Which programming paradigm is best for data engineering purposes ...,https://www.reddit.com/r/dataengineering/comments/v38uyp/which_programming_paradigm_is_best_for_data/,find,following,functional,... I find following a functional paradigm to be the most effective and useful for DE purposes. You are gonna do a lot of the same things but to ...
41,Starting my own data engineering consulting firm - need help! : r ...,https://www.reddit.com/r/dataengineering/comments/tgqd0s/starting_my_own_data_engineering_consulting_firm/,starting,data,engineering,... Starting my own data engineering consulting firm - need help! · identify a large group of potential clients that can be served with a common ...
42,Looking for the best data engineering course from basic to ...,https://www.reddit.com/r/dataengineering/comments/18vws8a/looking_for_the_best_data_engineering_course_from/,read,get,safari,"... Read read read… get O'Reilly Safari online learning and search for O'Reilly „early releases“, like: https://learning.oreilly.com/library/view/ ..."
43,Why we are ignoring Julia for data engineering and going for rust ...,https://www.reddit.com/r/dataengineering/comments/192fhgg/why_we_are_ignoring_julia_for_data_engineering/,julia,narrow,focus,"... Julia has a narrow focus on engineering & math. Rust is more all around (can be used for graphics engine, bus, os, ...). This allows the eco ..."
44,On-prem only data engineering? : r/dataengineering,https://www.reddit.com/r/dataengineering/comments/rd6nt5/onprem_only_data_engineering/,open,source,friend,... Open source is your friend. You can run almost all the same “cloud” services on prem using open source tools. A lot of csp data engineering/etl ...
45,How competitive are data engineering positions compared to other ...,https://www.reddit.com/r/dataengineering/comments/n532gy/how_competitive_are_data_engineering_positions/,companies,get,opening,"... Any opening at prestigious tech companies is going to get hundreds of applicants, whereas small or medium lesser known companies may get few ..."
46,"Those who transitioned from data analytics to data engineering, why ...",https://www.reddit.com/r/dataengineering/comments/u8xb20/those_who_transitioned_from_data_analytics_to/,data,engineering,since,... Since data engineering is like the real work and data engineering is for the People who want their hands get dirty not for those who prefer the ...
47,CS knowledge required for data engineering : r/dataengineering,https://www.reddit.com/r/dataengineering/comments/kymv8v/cs_knowledge_required_for_data_engineering/,data,engineering,broad,"... Data engineering is broad, so it depends. ... The strong CS fundamentals skillset starts getting much more important if you are going to do ..."
48,Doom predictions for Data Engineering : r/dataengineering,https://www.reddit.com/r/dataengineering/comments/1883wyz/doom_predictions_for_data_engineering/,progress,interesting,still,"... While the progress is interesting, it is still quite unreliable. No company serious about their customers or data quality is going to replace ..."
49,Do I need a college degree to break into data engineering? : r ...,https://www.reddit.com/r/dataengineering/comments/ovgk1l/do_i_need_a_college_degree_to_break_into_data/,get,job,without,... You can get a job without a degree but it will be more difficult. This used to be a lot more common than it is today. It still is possible but I ...
50,Comments on using WSL2 or Linux for data engineering? Pros and ...,https://www.reddit.com/r/dataengineering/comments/ro9m5i/comments_on_using_wsl2_or_linux_for_data/,wsl,ok,quick,"... wsl is ok for some quick stuff but imo Linux is a must in long term. data engineer need clean code, familiar with integration test, docker, some ..."
51,Google's Data Engineering Certificate - Is It Worth It? : r ...,https://www.reddit.com/r/dataengineering/comments/o46wci/googles_data_engineering_certificate_is_it_worth/,certification,proves,holder,... What this certification proves is that the holder has knowledge and experience on the GCP data products. It is not a general DE certificate. It ...
52,Best IDE for data engineering : r/dataengineering,https://www.reddit.com/r/dataengineering/comments/13g08hr/best_ide_for_data_engineering/,pycharm,nicest,python,... PyCharm is nicest for Python but VS Code being good for everything is ideal if you have broad interests. And it's so extensible.
53,Does anyone use C++ for data engineering? : r/dataengineering,https://www.reddit.com/r/dataengineering/comments/gowqso/does_anyone_use_c_for_data_engineering/,tasks,bound,data,"... Data engineering tasks mostly rely on gluing together multiple operations, plus these tasks are largely IO bound rather than compute bound, so ..."
54,What are the Golden Rules of Data Engineering? : r/dataengineering,https://www.reddit.com/r/dataengineering/comments/n916sy/what_are_the_golden_rules_of_data_engineering/,never,use,variable,"... Never use variable with name like “demon_”, “will_work_” or bad words while debugging, you'll forget to roll back and someone else will see for ..."
55,C++ for data engineering : r/dataengineering,https://www.reddit.com/r/dataengineering/comments/z6edl5/c_for_data_engineering/,data,duckdb,hot,... DuckDB which is a hot new tool for local data analysis was created with C++. If the creators didn't know C++ and data engineering it probably ...
56,Is M1 Macbook Air 2020 good for Data Engineering? : r ...,https://www.reddit.com/r/dataengineering/comments/nwogp9/is_m1_macbook_air_2020_good_for_data_engineering/,yes,m1,enough,"... Yes, M1 is enough for Data Engineering if you use VSCode and Python with SQL. There aren't a good hardware, there are requisites."
57,AI will replace data engineers? : r/dataengineering,https://www.reddit.com/r/dataengineering/comments/11t3jz0/ai_will_replace_data_engineers/,response,spot,companies,... This response is spot on. Most companies are completely data illiterate atm. Increasing the amount of work a single engineer can get done will ...
58,Which OS are you using for Data Engineering and why? : r ...,https://www.reddit.com/r/dataengineering/comments/oa58z9/which_os_are_you_using_for_data_engineering_and/,linux,switch,mac,"... Linux. I'd switch to Mac for their new m1 architecture, but I love my window managers on Linux for productivity, which also works great as I ..."
59,Data Engineering Handbook : r/dataengineering,https://www.reddit.com/r/dataengineering/comments/tcdycl/data_engineering_handbook/,152,votes,16,"... 152 votes, 16 comments. Hi,I recently came across the GitLab data engineering handbook (…"
60,Datasets for data engineering projects : r/dataengineering,https://www.reddit.com/r/dataengineering/comments/133qlow/datasets_for_data_engineering_projects/,data,api,usa,... USA Census data has a relatively easy API with a lot of data. Signing up for an API key is pretty much instantaneous. https://www.census.gov/ ...
61,Paid vs Free Data Engineering courses? : r/dataengineering,https://www.reddit.com/r/dataengineering/comments/18o6qap/paid_vs_free_data_engineering_courses/,data,engineering,broad,"... Data engineering is such a broad subject. Learn python, at least to a point where you can do some development. For that you can find good ..."
62,Suggestions to Transition from Data Analyst to Data Engineering ...,https://www.reddit.com/r/dataengineering/comments/y6yj65/suggestions_to_transition_from_data_analyst_to/,data,suggestions,transition,... Suggestions to Transition from Data Analyst to Data Engineering role? · read Designing Data Intensive Application book - supposedly the bible of ...
63,Aws Data Engineering Nanodegree : r/dataengineering,https://www.reddit.com/r/dataengineering/comments/10o5gei/aws_data_engineering_nanodegree/,course,focused,snowflake,"... The course focused on snowflake so maybe the content has changed. Either way, Udacity nano degrees are for people with entry level experience. I ..."
64,Which tools are worth learning for an aspiring data engineer? : r ...,https://www.reddit.com/r/dataengineering/comments/1905tj2/which_tools_are_worth_learning_for_an_aspiring/,tools,worth,learning,"... Which tools are worth learning for an aspiring data engineer? · Orchestration tool - Airflow is the king here · An MPP technology - Spark, ..."
65,Is Data Modelling still an expected part of a Data Engineer skillset ...,https://www.reddit.com/r/dataengineering/comments/u7rk6a/is_data_modelling_still_an_expected_part_of_a/,des,yes,data,... Yes data modeling is still a important skill for DEs to have. Junior DEs need to be able to understand model requirements coming from analysts ...
66,How Netflix does Data Engineering : r/dataengineering,https://www.reddit.com/r/dataengineering/comments/18ix6hd/how_netflix_does_data_engineering/,data,netflix,engineering,... How Netflix does Data Engineering · The Netflix Data Engineering Stack · Data Processing Patterns · Streaming SQL on Data Mesh using Apache ...
67,What content do you believe to be missing from existing data ...,https://www.reddit.com/r/dataengineering/comments/1chmjj6/what_content_do_you_believe_to_be_missing_from/,17,hours,ago,"17 hours ago ... 29 votes, 25 comments. I'm working on some educational resources for data engineering. There are many good courses out there, but of course ..."
68,Do you have to be very good at math and Python for data ...,https://www.reddit.com/r/dataengineering/comments/xh4zk0/do_you_have_to_be_very_good_at_math_and_python/,skills,interested,data,"... I'm interested in Data engineering, but I struggle with math, and my Python skills are ok. I know these skills: -Excel -Python: general, NumPy, ..."
69,Data Engineering is more stable and secure than Machine Learning ...,https://www.reddit.com/r/dataengineering/comments/17hicz3/data_engineering_is_more_stable_and_secure_than/,ml,point,trying,... The point I am trying to make: Data engineers will be needed even if a company or sector doesn't do ML. A ML engineer will be useless in that ...
70,Kotlin for data engineering : r/dataengineering,https://www.reddit.com/r/dataengineering/comments/uomijc/kotlin_for_data_engineering/,want,data,depending,"... Depending on what type of Data Engineering you want to do. Do you want data movement and ETL and analytics, then Python. If you want to build ..."
71,Quantum computers in data engineering : r/dataengineering,https://www.reddit.com/r/dataengineering/comments/rk1wzn/quantum_computers_in_data_engineering/,quantum,computing,high,"... Quantum computing has high potential in some areas, but what it will not be good for is handling large amount of data. It excels at problems ..."
72,Importance of Functional Programming in data Engineering? : r ...,https://www.reddit.com/r/dataengineering/comments/hdmq8n/importance_of_functional_programming_in_data/,functions,pure,take,"... Pure functions are functions that take inputs and always return the same outputs without any “side effects”. Additionally, functional ..."
73,What is the hottest tech stack in Data Engineering world now? : r ...,https://www.reddit.com/r/dataengineering/comments/11x4u47/what_is_the_hottest_tech_stack_in_data/,needs,really,depends,... It really depends on your business needs and resources available. Our needs are pretty much traditional BI and analytics needs and we have a ...
74,Using Go as a data engineer : r/dataengineering,https://www.reddit.com/r/dataengineering/comments/yws9hu/using_go_as_a_data_engineer/,https,written,go,"... https://www.benthos.dev is written in Go, which in my (biased) opinion is pretty fantastic as a data processing language. The only major caveat ..."
75,How Netflix does Data Engineering : r/dataengineering,https://www.reddit.com/r/dataengineering/comments/18ix6hd/how_netflix_does_data_engineering/,data,netflix,engineering,... How Netflix does Data Engineering · The Netflix Data Engineering Stack · Data Processing Patterns · Streaming SQL on Data Mesh using Apache ...
76,Do data engineering interviews for faang companies (or faang tier ...,https://www.reddit.com/r/dataengineering/comments/grlkyf/do_data_engineering_interviews_for_faang/,faang,data,engineering,... Do data engineering interviews for faang companies (or faang tier) ask leetcode/algo questions? · Two ETL rounds. You will design source and ...
77,"I recently joined a data engineering team, and my boss wants to ...",https://www.reddit.com/r/dataengineering/comments/ttyvdm/i_recently_joined_a_data_engineering_team_and_my/,may,offer,boss,"... You may offer your boss a compromising solution: each team keeps working on its project in a separate repository, and they are all synced with a ..."
78,Any thoughts about the Data Engineering course at UChicago? : r ...,https://www.reddit.com/r/dataengineering/comments/xtx9ma/any_thoughts_about_the_data_engineering_course_at/,might,worth,hiring,... It might be worth it if hiring managers were actually impressed with the UChicago brand. But I feel like if you're going for the prestige of a ...
79,How do you write unit tests for a data engineering-oriented project ...,https://www.reddit.com/r/dataengineering/comments/i0ibhz/how_do_you_write_unit_tests_for_a_data/,write,unit,tests,"... How do you write unit tests for a data engineering-oriented project? · Does your syntax make sense? The ""compile"" test. Include everywhere in ..."
80,The Data Engineering Case for Developing in Prod : r/dataengineering,https://www.reddit.com/r/dataengineering/comments/17s5j6k/the_data_engineering_case_for_developing_in_prod/,marketing,people,need,"... Marketing people don't need to see HR data. So, RBAC has to treat development the same as prod users. Just as a marketing person either sees no ..."
81,Importance of Functional Programming in data Engineering? : r ...,https://www.reddit.com/r/dataengineering/comments/hdmq8n/importance_of_functional_programming_in_data/,functions,pure,take,"... Pure functions are functions that take inputs and always return the same outputs without any “side effects”. Additionally, functional ..."
82,How complex is the coding in data engineering? : r/dataengineering,https://www.reddit.com/r/dataengineering/comments/14l2se5/how_complex_is_the_coding_in_data_engineering/,common,scenario,coding,... Most common scenario is the coding is likely to be very easy with occasional bugs you run into in libraries or something. Most companies are ...
83,How to gain practical experience in Data engineering ? : r ...,https://www.reddit.com/r/dataengineering/comments/nolaf8/how_to_gain_practical_experience_in_data/,gain,practical,experience,"... How to gain practical experience in Data engineering ? · scape FB public page posts using its API, · create an containerised docker with airflow ..."
84,Does anyone regret moving to Data Engineering : r/dataengineering,https://www.reddit.com/r/dataengineering/comments/16e9iqw/does_anyone_regret_moving_to_data_engineering/,data,de,anyone,... Does anyone regret moving to Data Engineering · Previous role: Data Analyst > BI dev + DE > now just DE · Higher pay. More interesting work that ...
85,Data Structures and Algorithms as a Data Engineer : r/dataengineering,https://www.reddit.com/r/dataengineering/comments/11055pg/data_structures_and_algorithms_as_a_data_engineer/,data,structures,algorithms,... Data structures and algorithms (DSA) goes through solutions to standard problems in detail and gives you an insight into how efficient it is to ...
86,Do you truly enjoy data engineering? : r/dataengineering,https://www.reddit.com/r/dataengineering/comments/15yz47k/do_you_truly_enjoy_data_engineering/,unlike,software,domains,"... Not unlike other software domains, Data Engineering has an endless supply of puzzles, most of which I find rewarding to solve - troubleshooting ..."
87,"Overall, does Data Engineering provide a good work-life balance ...",https://www.reddit.com/r/dataengineering/comments/138n3s4/overall_does_data_engineering_provide_a_good/,overall,data,engineering,"... Overall, does Data Engineering provide a good work-life balance? · You have fewer waterfall-created ""emergencies"" that require everyone at the ..."
88,Data Engineer with Scala? : r/dataengineering,https://www.reddit.com/r/dataengineering/comments/1493oql/data_engineer_with_scala/,learning,curve,scala,... There learning curve of Scala is steeper than with other programming languages at the beginning if you you're not familiar with the functional ...
89,Best second programming language as Data Engineer : r ...,https://www.reddit.com/r/dataengineering/comments/uze41g/best_second_programming_language_as_data_engineer/,data,r,superb,... R is superb for data engineering. Very low total cost of ownership as most a lot of de data enrichment tasks can be accomplished in base (which ...
90,Data Engineering as a business? : r/dataengineering,https://www.reddit.com/r/dataengineering/comments/13n0ta8/data_engineering_as_a_business/,data,engineer,worked,"... As a data engineer who has worked in corporate for years, I have seen many start-ups come and go, pitching their ideas, etc. but I think the ..."
91,Is there a free data engineering bootcamp? : r/dataengineering,https://www.reddit.com/r/dataengineering/comments/tomq7t/is_there_a_free_data_engineering_bootcamp/,31,votes,24,"... 31 votes, 24 comments. Can anyone please recommend me a free data engineering bootcamp? I'm not a complete beginner as in I know python, ..."
92,Is data engineering valued by leadership at your company? : r ...,https://www.reddit.com/r/dataengineering/comments/wqn5ln/is_data_engineering_valued_by_leadership_at_your/,data,engineering,consistently,... Data engineering is consistently undervalued at companies. I've spent the past 8+ years writing content to help managers understand data ...
93,Algorithm & data engineering- can someone talk me through a ...,https://www.reddit.com/r/dataengineering/comments/ogmnxj/algorithm_data_engineering_can_someone_talk_me/,useful,experience,depth,"... In my experience, in depth algorithmic knowledge is not useful in data engineering. What's useful is knowing the hundreds of concepts behind the ..."
94,Transitioning from Bioinformatics to Data Engineering: Feasibility ...,https://www.reddit.com/r/dataengineering/comments/14m4j6x/transitioning_from_bioinformatics_to_data/,likely,transitioning,smooth,... Transitioning will likely be smooth; though you are likely going to loose the benefits or having a bio background! Domain knowledge is important ...
95,How much software engineering knowledge should a data engineer ...,https://www.reddit.com/r/dataengineering/comments/ypfb1m/how_much_software_engineering_knowledge_should_a/,much,software,engineering,"... How much software engineering knowledge should a data engineer know? · Design Patterns are pretty useful but focus on teaching OOP (SOLID, KISS, ..."
96,"Data engineering project, with a live dashboard : r/dataengineering",https://www.reddit.com/r/dataengineering/comments/om3wl5/data_engineering_project_with_a_live_dashboard/,spreadsheet,data,common,"... r/SideProject - Spreadsheet data is so common, but it can be very painful. 0:40."
97,Do a Data Engineer have to be an Expert in PowerBI/Tableau? : r ...,https://www.reddit.com/r/dataengineering/comments/si98e3/do_a_data_engineer_have_to_be_an_expert_in/,need,make,data,"... No, you only need to make your data model as perfect as possible so Power BI developer do not need to make unnecessary additional transformation ..."
98,Languages to learn as a Data Engineer? : r/dataengineering,https://www.reddit.com/r/dataengineering/comments/tsj67d/languages_to_learn_as_a_data_engineer/,python,really,go,"... Python is really the go to for DE, in terms of a second language to pick up. I would ask myself what other types of problems you want to work on ..."
99,What is your data engineering philosophy? : r/dataengineering,https://www.reddit.com/r/dataengineering/comments/13xb1m3/what_is_your_data_engineering_philosophy/,data,engineers,engineering,"... What is your data engineering philosophy? · Data Engineers are just specialized software engineers: we write tests, we automate testing & ..."
100,Data Engineering in BioTech : r/dataengineering,https://www.reddit.com/r/dataengineering/comments/13p5mhv/data_engineering_in_biotech/,ai,data,engineering,"... Data engineering and AI pipelines have a lot of common needs. Especially if you're doing AI at a startup, you'll most likely need to do your own ..."
